<?xml version='1.0' encoding='utf-8'?>
<window>
    <animation effect="fade" start="0" end="100" time="350" tween="cubic" easing="inout">Visible</animation>
    <animation effect="fade" start="0" end="100" time="350" tween="cubic" easing="inout">WindowOpen</animation>
    <animation effect="fade" end="0" start="100" time="150">Hidden</animation>
    <animation effect="fade" end="0" start="100" time="150">WindowClose</animation>
    <controls>

        
        <control type="group">
            <top>-666.67</top>
            <width>2667</width>
            <height>2773</height>
            <control type="image">
                <texture colordiffuse="FF000000">common/gradient1.png</texture>
            </control>
            <control type="image">
                <texture colordiffuse="80000000">common/gradient1.png</texture>
            </control>
        </control>
        
        <include condition="Skin.HasSetting(ppi.useleftCodecLogos)">CodecLogosLeftPPI</include>
        <include condition="Skin.HasSetting(ppi.usecenterCodecLogos)">CodecLogosCenterPPI</include>
        <include condition="Skin.HasSetting(ppi.userightCodecLogos)">CodecLogosRightPPI</include>
        
        <control type="group">
            <top>720</top>
            <width>2560</width>
            <height>0.0</height>
            
            <control type="group">
                <left>40</left>		
                
                <control type="label">
                    <label></label>
                    <top>-10.0</top>
                    <font>font_tiny_iconic</font>
                    <textcolor>dialog_fg_100</textcolor>
                </control>
				
                <control type="label">
                    <label>[B][UPPERCASE]$LOCALIZE[32054][/UPPERCASE][/B]</label>
                    <top>-10.0</top>
                    <left>40</left>
                    <font>font_tiny</font>
                    <textcolor>dialog_fg_100</textcolor>
                </control>		
                
                <control type="label">
                    <top>27</top>
                    <label>$LOCALIZE[32000]:</label>
                    <font>font_tiny</font>
                    <textcolor>dialog_fg_90</textcolor>
                </control>
                <control type="label">
                    <left>280</left>
                    <top>27</top>
                    <label>$INFO[Player.Process(amlogic.displaymode)]</label>
                    <font>font_tiny</font>
                    <textcolor>dialog_fg_90</textcolor>
                </control>				
                
                <control type="label">
                    <top>67</top>
                    <label>$LOCALIZE[32001]:</label>
                    <font>font_tiny</font>
                    <textcolor>dialog_fg_90</textcolor>
                </control>
                <control type="label">
                    <left>320</left>
                    <top>67</top>
                    <label>$INFO[Player.Process(video.width.raw)]x$INFO[Player.Process(video.height.raw)]$INFO[Player.Process(videoscantype)] $INFO[Player.Process(VideoFPS)]FPS</label>
                    <font>font_tiny</font>
                    <textcolor>dialog_fg_90</textcolor>
                </control>				
                
                <control type="label">
                    <top>107</top>
                    <label>$LOCALIZE[32023]:</label>
                    <font>font_tiny</font>
                    <textcolor>dialog_fg_90</textcolor>
                </control>
                <control type="label">
                    <left>320</left>
                    <top>107</top>
                    <label>[COLOR dialog_fg_90]$INFO[Player.Process(amlogic.pixformat)][/COLOR]$VAR[DVTunnelVar, [COLOR dialog_fg_70](,)[/COLOR]]</label>
                    <font>font_tiny</font>
                </control>				
                
                <control type="label">
                    <top>147</top>
                    <label>$LOCALIZE[32004]:</label>
                    <font>font_tiny</font>
                    <textcolor>dialog_fg_90</textcolor>
                </control>
                <control type="label">
                    <left>320</left>
                    <top>147</top>
                    <label>$INFO[Player.Process(video.bit.depth)]-bit</label>
                    <font>font_tiny</font>
                    <textcolor>dialog_fg_90</textcolor>
                </control>				
                
                <control type="label">
                    <top>187</top>
                    <label>$LOCALIZE[32024]:</label>
                    <font>font_tiny</font>
                    <textcolor>dialog_fg_90</textcolor>
                </control>
                <control type="label">
                    <left>320</left>
                    <top>187</top>
                    <label>$INFO[Player.Process(videodar)]</label>
                    <font>font_tiny</font>
                    <textcolor>dialog_fg_90</textcolor>
                </control>				
                
                <control type="label">
                    <top>227</top>
                    <label>$LOCALIZE[32005]:</label>
                    <font>font_tiny</font>
                    <textcolor>dialog_fg_90</textcolor>
                </control>
                <control type="label">
                    <left>320</left>
                    <top>227</top>
                    <label>[UPPERCASE]$INFO[Player.Process(videodecoder)][/UPPERCASE] $VAR[VideoDecoder,(,)]</label>
                    <font>font_tiny</font>
                    <textcolor>dialog_fg_90</textcolor>
                </control>				
                
                <control type="label">
                    <top>267</top>
                    <label>$LOCALIZE[32046]:</label>
                    <font>font_tiny</font>
                    <textcolor>dialog_fg_90</textcolor>
                </control>
                <control type="label">
                    <left>320</left>
                    <top>267</top>
                    <label>[UPPERCASE]$INFO[VideoPlayer.VideoCodec][/UPPERCASE]</label>
                    <font>font_tiny</font>
                    <textcolor>dialog_fg_90</textcolor>
                </control>				
                
                <control type="label">
                    <top>307</top>
                    <label>$LOCALIZE[32031]:</label>
                    <font>font_tiny</font>
                    <textcolor>dialog_fg_90</textcolor>
                </control>
                <control type="label">
                    <left>320</left>
                    <top>307</top>
                    <label>[CAPITALIZE]$INFO[Player.Process(deintmethod)][/CAPITALIZE]</label>
                    <font>font_tiny</font>
                    <textcolor>dialog_fg_90</textcolor>
                </control>				
                
                <control type="label">
                    <top>347</top>
                    <label>$LOCALIZE[32047]:</label>
                    <font>font_tiny</font>
                    <textcolor>dialog_fg_90</textcolor>
                </control>
                <control type="label">
                    <left>320</left>
                    <top>347</top>
                    <label>$INFO[Player.Process(video.live.mibit.rate),, $LOCALIZE[32003]] $INFO[VideoPlayer.VideoMibitRate,- [COLOR dialog_fg_70](Ø , $LOCALIZE[32003])[/COLOR]]</label>
                    <font>font_tiny</font>
                    <textcolor>dialog_fg_90</textcolor>
                </control>
            </control>
            
            <control type="group">
                <top>440</top>
                <left>40</left>				
                
                <control type="label">
                    <label></label>
                    <top>-10.0</top>
                    <font>font_tiny_iconic</font>
                    <textcolor>dialog_fg_100</textcolor>
                </control>				
                
                <control type="label">
                    <label>[B][UPPERCASE]$LOCALIZE[32007][/UPPERCASE][/B]</label>
                    <top>-10.0</top>
                    <left>40</left>
                    <font>font_tiny</font>
                    <textcolor>dialog_fg_100</textcolor>
                </control>				
                
                <control type="label">
                    <top>27</top>
                    <label>$LOCALIZE[32006]:</label>
                    <font>font_tiny</font>
                    <textcolor>dialog_fg_90</textcolor>
                </control>
                <control type="label">
                    <left>321</left>
                    <top>27</top>
                    <label>$VAR[VS10ModeVar]</label>
                    <font>font_tiny_iconic</font>
                </control>				
                
                <control type="label">
                    <top>67</top>
                    <label>$LOCALIZE[32048]:</label>
                    <font>font_tiny</font>
                    <textcolor>dialog_fg_90</textcolor>
                </control>
                <control type="label">
                    <left>320</left>
                    <top>67</top>
                    <label>$INFO[Player.Process(video.source.hdr.type)] $VAR[DVProfileVar]$VAR[DVELVar]$VAR[VideoConvVar]</label>
                    <font>font_tiny</font>
                    <textcolor>dialog_fg_90</textcolor>
                </control>				
                
                <control type="label">
                    <top>107</top>
                    <label>$LOCALIZE[32002]:</label>
                    <font>font_tiny</font>
                    <textcolor>dialog_fg_90</textcolor>
                </control>
                <control type="label">
                    <left>320</left>
                    <top>107</top>
                    <label>$INFO[Player.Process(amlogic.eoft_gamut)]</label>
                    <font>font_tiny</font>
                    <textcolor>dialog_fg_90</textcolor>
                </control>				
                
                <control type="label">
                    <top>147</top>
                    <label>$LOCALIZE[32027]:</label>
                    <font>font_tiny</font>
                    <textcolor>dialog_fg_90</textcolor>
                </control>
                <control type="label">
                    <left>320</left>
                    <top>147</top>
                    <label>$INFO[Player.Process(video.source.hdr.type)]</label>
                    <font>font_tiny</font>
                    <textcolor>dialog_fg_90</textcolor>
                </control>				
                
                <control type="label">
                    <top>187</top>
                    <label>$LOCALIZE[32013]:</label>
                    <font>font_tiny</font>
                    <textcolor>dialog_fg_90</textcolor>
                </control>
                <control type="label">
                    <left>320</left>
                    <top>187</top>
                    <label>$INFO[Player.Time] $INFO[Player.Duration,/ ,] [COLOR dialog_fg_70]$INFO[Player.Progress, (,%)][/COLOR]</label>
                    <font>font_tiny</font>
                    <textcolor>dialog_fg_90</textcolor>
                    <visible>!String.IsEmpty(Player.Duration)</visible>
                    <visible>!PVR.IsPlayingTV</visible>
                </control>
                
                <control type="label">
                    <left>320</left>
                    <top>187</top>
                    <label>$LOCALIZE[32033]</label>
                    <font>font_tiny</font>
                    <textcolor>dialog_fg_90</textcolor>
                    <visible>String.IsEmpty(Player.Duration) | PVR.IsPlayingTV</visible>
                </control>
            </control>
            
            <control type="group">
                <visible>String.Contains(Player.Process(video.hdr.type),hdr)</visible>
                <left>1907</left>
                <top>293</top>				
                
                <control type="label">
                    <label></label>
                    <top>-10.0</top>
                    <font>font_tiny_iconic</font>
                    <textcolor>dialog_fg_100</textcolor>
                </control>				
                
                <control type="label">
                    <label>[B][UPPERCASE]$LOCALIZE[32039][/UPPERCASE][/B]</label>
                    <top>-10.0</top>
                    <left>36</left>
                    <font>font_tiny</font>
                    <textcolor>dialog_fg_100</textcolor>
                </control>				
                
                <control type="label">
                    <top>27</top>
                    <label>$LOCALIZE[32025]:</label>
                    <font>font_tiny</font>
                    <textcolor>dialog_fg_90</textcolor>
                </control>
                <control type="label">
                    <left>253</left>
                    <top>27</top>
                    <width>267</width>
                    <align>right</align>
                    <label>$INFO[Player.Process(video.hdr.min.lum)] [COLOR dialog_fg_70]|[/COLOR] $INFO[Player.Process(video.hdr.max.lum)]</label>
                    <font>font_tiny</font>
                    <textcolor>dialog_fg_90</textcolor>
                </control>
                
                <control type="label">
                    <left>533</left>
                    <top>27</top>
                    <label>$LOCALIZE[32040]</label>
                    <font>font_tiny</font>
                    <textcolor>dialog_fg_90</textcolor>
                </control>				
                
                <control type="label">
                    <top>67</top>
                    <label>$LOCALIZE[32026]:</label>
                    <font>font_tiny</font>
                    <textcolor>dialog_fg_90</textcolor>
                </control>
                <control type="label">
                    <left>253</left>
                    <top>67</top>
                    <width>267</width>
                    <align>right</align>
                    <label>$INFO[Player.Process(video.hdr.max.cll)] [COLOR dialog_fg_70]|[/COLOR] $INFO[Player.Process(video.hdr.max.fall)]</label>
                    <font>font_tiny</font>
                    <textcolor>dialog_fg_90</textcolor>
                </control>
                
                <control type="label">
                    <left>533</left>
                    <top>67</top>
                    <label>$LOCALIZE[32040]</label>
                    <font>font_tiny</font>
                    <textcolor>dialog_fg_90</textcolor>
                </control>
            </control>
            
            <control type="group">
                <left>947</left>				
                
                <control type="label">
                    <label></label>
                    <top>-10.0</top>
                    <font>font_tiny_iconic</font>
                    <textcolor>dialog_fg_100</textcolor>
                </control>				
                
                <control type="label">
                    <label>[B][UPPERCASE]$LOCALIZE[32055][/UPPERCASE][/B]</label>
                    <top>-10.0</top>
                    <left>40</left>
                    <font>font_tiny</font>
                    <textcolor>dialog_fg_100</textcolor>
                </control>				
                
                <control type="label">
                    <top>27</top>
                    <label>$LOCALIZE[32034]:</label>
                    <font>font_tiny</font>
                    <textcolor>dialog_fg_90</textcolor>
                </control>
                <control type="label">
                    <left>320</left>
                    <top>27</top>
                    <label>$INFO[system.memory(used.percent)] ($INFO[system.memory(used)] [COLOR dialog_fg_70]|[/COLOR] $INFO[system.memory(total)])</label>
                    <font>font_tiny</font>
                    <textcolor>dialog_fg_90</textcolor>
                </control>				
                
                <control type="label">
                    <top>67</top>
                    <label>$LOCALIZE[32014]:</label>
                    <font>font_tiny</font>
                    <textcolor>dialog_fg_90</textcolor>
                </control>
                <control type="label">
                    <top>67</top>
                    <left>320</left>
                    <label>$INFO[System.CPUTemperature] [COLOR FF404040]|[/COLOR] $INFO[System.CpuAltUsage]</label>
                    <font>font_tiny</font>
                    <textcolor>dialog_fg_90</textcolor>
                </control>				
                
                <control type="label">
                    <top>107</top>
                    <label>$LOCALIZE[32036]:</label>
                    <font>font_tiny</font>
                    <textcolor>dialog_fg_90</textcolor>
                </control>
                <control type="label">
                    <left>320</left>
                    <top>107</top>
                    <label>$INFO[Player.Process(amlogic.video.fps.info)]</label>
                    <font>font_tiny</font>
                    <textcolor>dialog_fg_90</textcolor>
                </control>
                <control type="label">
                    <left>567</left>
                    <top>107</top>
                    <label>-&gt;</label>
                    <font>font_tiny</font>
                    <textcolor>dialog_fg_90</textcolor>
                </control>
                <control type="label">
                    <left>607</left>
                    <top>107</top>
                    <label>$INFO[Player.Process(amlogic.video.fps.drop)]</label>
                    <font>font_tiny</font>
                    <textcolor>dialog_fg_90</textcolor>
                </control>				
                
                <control type="label">
                    <top>147</top>
                    <label>$LOCALIZE[32055]:</label>
                    <font>font_tiny</font>
                    <textcolor>dialog_fg_90</textcolor>
                </control>
                <control type="label">
                    <left>320</left>
                    <top>147</top>
                    <label>$INFO[System.FPS] FPS</label>
                    <font>font_tiny</font>
                    <textcolor>dialog_fg_90</textcolor>
                </control>				
                
                <control type="label">
                    <top>187</top>
                    <label>$LOCALIZE[32032]:</label>
                    <font>font_tiny</font>
                    <textcolor>dialog_fg_90</textcolor>
                </control>
                <control type="label">
                    <left>320</left>
                    <top>187</top>
                    <label>$INFO[Player.CacheLevel,,%]</label>
                    <font>font_tiny</font>
                    <textcolor>dialog_fg_90</textcolor>
                </control>
                <control type="group">
                    <top>180</top>
                    <left>407</left>
                    <width>253</width>
                    <control type="progress">
                        <description>BAR</description>
                        <centertop>50%</centertop>
                        <info>Player.CacheLevel</info>
                        <include>DefSettingsButton</include>
                        <texturebg colordiffuse="panel_fg_12" border="6">progress/progress-bg.png</texturebg>
                        <midtexture colordiffuse="dialog_fg_90" border="6">progress/progress-bg.png</midtexture>
                    </control>
                </control>				
                
                <control type="label">
                    <top>227</top>
                    <label>$LOCALIZE[32008]:</label>
                    <font>font_tiny</font>
                    <textcolor>dialog_fg_90</textcolor>
                </control>
                <control type="label">
                    <top>227</top>
                    <left>320</left>
                    <label>$INFO[Player.Process(video.queue.level)]%</label>
                    <font>font_tiny</font>
                    <textcolor>dialog_fg_90</textcolor>
                </control>
                <control type="group">
                    <top>220</top>
                    <left>407</left>
                    <width>253</width>
                    <control type="progress">
                        <description>BAR</description>
                        <centertop>50%</centertop>
                        <info>Player.Process(video.queue.level)</info>
                        <include>DefSettingsButton</include>
                        <texturebg colordiffuse="panel_fg_12" border="6">progress/progress-bg.png</texturebg>
                        <midtexture colordiffuse="dialog_fg_90" border="6">progress/progress-bg.png</midtexture>
                    </control>
                </control>				
                
                <control type="label">
                    <top>267</top>
                    <label>$LOCALIZE[32009]:</label>
                    <font>font_tiny</font>
                    <textcolor>dialog_fg_90</textcolor>
                </control>
                <control type="label">
                    <top>267</top>
                    <left>320</left>
                    <label>$INFO[Player.Process(video.queue.data.level)]%</label>
                    <font>font_tiny</font>
                    <textcolor>dialog_fg_90</textcolor>
                </control>
                <control type="group">
                    <top>260</top>
                    <left>407</left>
                    <width>253</width>
                    <control type="progress">
                        <description>BAR</description>
                        <centertop>50%</centertop>
                        <info>Player.Process(video.queue.data.level)</info>
                        <include>DefSettingsButton</include>
                        <texturebg colordiffuse="panel_fg_12" border="6">progress/progress-bg.png</texturebg>
                        <midtexture colordiffuse="dialog_fg_90" border="6">progress/progress-bg.png</midtexture>
                    </control>
                </control>				
                
                <control type="label">
                    <top>307</top>
                    <label>$LOCALIZE[32010]:</label>
                    <font>font_tiny</font>
                    <textcolor>dialog_fg_90</textcolor>
                </control>
                <control type="label">
                    <top>307</top>
                    <left>320</left>
                    <label>$INFO[Player.Process(audio.queue.level)]%</label>
                    <font>font_tiny</font>
                    <textcolor>dialog_fg_90</textcolor>
                </control>
                <control type="group">
                    <top>300</top>
                    <left>407</left>
                    <width>253</width>
                    <control type="progress">
                        <description>BAR</description>
                        <centertop>50%</centertop>
                        <info>Player.Process(audio.queue.level)</info>
                        <include>DefSettingsButton</include>
                        <texturebg colordiffuse="panel_fg_12" border="6">progress/progress-bg.png</texturebg>
                        <midtexture colordiffuse="dialog_fg_90" border="6">progress/progress-bg.png</midtexture>
                    </control>
                </control>				
                
                <control type="label">
                    <top>347</top>
                    <label>$LOCALIZE[32011]:</label>
                    <font>font_tiny</font>
                    <textcolor>dialog_fg_90</textcolor>
                </control>
                <control type="label">
                    <top>347</top>
                    <left>320</left>
                    <label>$INFO[Player.Process(audio.queue.data.level)]%</label>
                    <font>font_tiny</font>
                    <textcolor>dialog_fg_90</textcolor>
                </control>
                <control type="group">
                    <top>340</top>
                    <left>407</left>
                    <width>253</width>
                    <control type="progress">
                        <description>BAR</description>
                        <centertop>50%</centertop>
                        <info>Player.Process(audio.queue.data.level)</info>
                        <include>DefSettingsButton</include>
                        <texturebg colordiffuse="panel_fg_12" border="6">progress/progress-bg.png</texturebg>
                        <midtexture colordiffuse="dialog_fg_90" border="6">progress/progress-bg.png</midtexture>
                    </control>
                </control>
            </control>
            
            <control type="group">
                <left>947</left>
                <top>440</top>				
                
                <control type="label">
                    <label></label>
                    <top>-10.0</top>
                    <font>font_tiny_iconic</font>
                    <textcolor>dialog_fg_100</textcolor>
                </control>
				
                
                <control type="label">
                    <label>[B][UPPERCASE]$LOCALIZE[32056][/UPPERCASE][/B]</label>
                    <top>-10.0</top>
                    <left>45</left>
                    <font>font_tiny</font>
                    <textcolor>dialog_fg_100</textcolor>
                </control>				
                
                <control type="label">
                    <top>27</top>
                    <label>$LOCALIZE[32046]:</label>
                    <font>font_tiny</font>
                    <textcolor>dialog_fg_90</textcolor>
                </control>
                <control type="label">
                    <left>320</left>
                    <top>27</top>
                    <label>[COLOR dialog_fg_90]$VAR[AudioCodecVar] $VAR[AudioChannelsVar][/COLOR] [COLOR dialog_fg_70]$VAR[AudioCodecSpatialVar][/COLOR]</label>
                    <font>font_tiny</font>
                </control>				
                
                <control type="label">
                    <top>67</top>
                    <label>$LOCALIZE[32051]:</label>
                    <font>font_tiny</font>
                    <textcolor>dialog_fg_90</textcolor>
                </control>
                <control type="label">
                    <left>320</left>
                    <top>67</top>
                    <label>$INFO[Player.Process(audiobitspersample),,-bit] $INFO[Player.Process(audio.sample.rate),[COLOR dialog_fg_70]/[/COLOR] , kHz]</label>
                    <font>font_tiny</font>
                    <textcolor>dialog_fg_90</textcolor>
                </control>				
                
                <control type="label">
                    <top>107</top>
                    <label>$LOCALIZE[32047]:</label>
                    <font>font_tiny</font>
                    <textcolor>dialog_fg_90</textcolor>
                </control>
                <control type="label">
                    <left>320</left>
                    <top>107</top>
                    <label>$INFO[Player.Process(audio.live.kibit.rate),, $LOCALIZE[32012]] $INFO[VideoPlayer.AudioKibitRate,- [COLOR dialog_fg_70](Ø , $LOCALIZE[32012])[/COLOR]]</label>
                    <font>font_tiny</font>
                    <textcolor>dialog_fg_90</textcolor>
                </control>				
                
                <control type="label">
                    <top>147</top>
                    <label>$LOCALIZE[32052]:</label>
                    <font>font_tiny</font>
                    <textcolor>dialog_fg_90</textcolor>
                </control>
                <control type="label">
                    <left>320</left>
                    <top>147</top>
                    <label>[UPPERCASE]$INFO[VideoPlayer.AudioLanguage][/UPPERCASE]</label>
                    <font>font_tiny</font>
                    <textcolor>dialog_fg_90</textcolor>
                    <visible>!String.IsEmpty(VideoPlayer.AudioLanguage)</visible>
                    <visible>String.IsEmpty(VideoPlayer.AudioLanguageEx)</visible>
                </control>
                <control type="label">
                    <left>320</left>
                    <top>147</top>
                    <label>[UPPERCASE]$INFO[VideoPlayer.AudioLanguage][/UPPERCASE] | $INFO[VideoPlayer.AudioLanguageEx]</label>
                    <font>font_tiny</font>
                    <textcolor>dialog_fg_90</textcolor>
                    <visible>!String.IsEmpty(VideoPlayer.AudioLanguage)</visible>
                    <visible>!String.IsEmpty(VideoPlayer.AudioLanguageEx)</visible>
                </control>
                
                <control type="label">
                    <left>320</left>
                    <top>147</top>
                    <label>$LOCALIZE[32033]</label>
                    <font>font_tiny</font>
                    <textcolor>dialog_fg_90</textcolor>
                    <visible>String.IsEmpty(VideoPlayer.AudioLanguage)</visible>
                </control>				
                
                <control type="label">
                    <top>187</top>
                    <label>$LOCALIZE[32053]:</label>
                    <font>font_tiny</font>
                    <textcolor>dialog_fg_90</textcolor>
                </control>
                <control type="label">
                    <left>320</left>
                    <top>187</top>
                    <width>467</width>
                    <label>$VAR[SubtitleVar] $VAR[SubtitleNameVar]</label>
                    <font>font_tiny</font>
                    <scroll>true</scroll>
                    <textcolor>dialog_fg_90</textcolor>
                    <visible>VideoPlayer.SubtitlesEnabled</visible>
                    <visible>VideoPlayer.HasSubtitles</visible>
                </control>
                
                <control type="label">
                    <left>320</left>
                    <top>187</top>
                    <label>$LOCALIZE[1223]</label>
                    <font>font_tiny</font>
                    <textcolor>dialog_fg_90</textcolor>
                    <visible>VideoPlayer.HasSubtitles + !VideoPlayer.SubtitlesEnabled</visible>
                </control>
                
                <control type="label">
                    <left>320</left>
                    <top>187</top>
                    <label>$LOCALIZE[32033]</label>
                    <font>font_tiny</font>
                    <textcolor>dialog_fg_90</textcolor>
                    <visible>!VideoPlayer.HasSubtitles</visible>
                </control>
            </control>
            
            <control type="group">
                <visible>String.IsEqual(Player.Process(video.dovi.has.config),1)</visible>
                <left>1807</left>				
                
                <control type="label">
                    <label></label>
                    <top>-10.0</top>
                    <font>font_tiny_iconic</font>
                    <textcolor>dialog_fg_100</textcolor>
                </control>
                
                <control type="label">
                    <label>[B][UPPERCASE]$LOCALIZE[32037][/UPPERCASE][/B]</label>
                    <top>-10.0</top>
                    <left>36</left>
                    <font>font_tiny</font>
                    <textcolor>dialog_fg_100</textcolor>
                </control>				
                
                <control type="label">
                    <top>27</top>
                    <label>$LOCALIZE[32015]:</label>
                    <font>font_tiny</font>
                    <textcolor>dialog_fg_90</textcolor>
                </control>
                <control type="label">
                    <left>453</left>
                    <top>27</top>
                    <label>$INFO[Player.Process(video.dovi.meta.version)]</label>
                    <font>font_tiny</font>
                    <textcolor>dialog_fg_90</textcolor>
                </control>
                
                <control type="label">
                    <left>453</left>
                    <top>27</top>
                    <label>$LOCALIZE[32033]</label>
                    <font>font_tiny</font>
                    <textcolor>dialog_fg_90</textcolor>
                    <visible>!String.Contains(Player.Process(video.dovi.meta.version),CM)</visible>
                </control>				
                
                <control type="label">
                    <top>67</top>
                    <label>$LOCALIZE[32016]:</label>
                    <font>font_tiny</font>
                    <textcolor>dialog_fg_90</textcolor>
                </control>
                <control type="label">
                    <left>453</left>
                    <top>67</top>
                    <label>$INFO[Player.Process(video.dovi.profile)]$INFO[Player.Process(video.dovi.bl.signal.compatibility),.]</label>
                    <font>font_tiny</font>
                    <textcolor>dialog_fg_90</textcolor>
                </control>				
                
                <control type="label">
                    <top>107</top>
                    <label>$LOCALIZE[32017]:</label>
                    <font>font_tiny</font>
                    <textcolor>dialog_fg_90</textcolor>
                </control>
                <control type="label">
                    <left>453</left>
                    <top>107</top>
                    <label>$INFO[Player.Process(video.dovi.level)]</label>
                    <font>font_tiny</font>
                    <textcolor>dialog_fg_90</textcolor>
                    <visible>!String.Contains(Player.Process(video.dovi.level),0)</visible>
                </control>
                
                <control type="label">
                    <left>453</left>
                    <top>107</top>
                    <label>$LOCALIZE[32033]</label>
                    <font>font_tiny</font>
                    <textcolor>dialog_fg_90</textcolor>
                    <visible>String.Contains(Player.Process(video.dovi.level),0)</visible>
                </control>				
                
                <control type="label">
                    <top>147</top>
                    <label>$LOCALIZE[32018]:</label>
                    <font>font_tiny</font>
                    <textcolor>dialog_fg_90</textcolor>
                </control>
                <control type="label">
                    <left>455</left>
                    <top>147</top>
                    <label>$VAR[RPUPresentVar]</label>
                    <font>font_tiny_iconic</font>
                    <textcolor>dialog_fg_90</textcolor>
                </control>				
                
                <control type="label">
                    <top>187</top>
                    <label>$LOCALIZE[32019]:</label>
                    <font>font_tiny</font>
                    <textcolor>dialog_fg_90</textcolor>
                </control>
                <control type="label">
                    <left>455</left>
                    <top>187</top>
                    <label>$VAR[BLPresentVar]</label>
                    <font>font_tiny_iconic</font>
                    <textcolor>dialog_fg_90</textcolor>
                </control>				
                
                <control type="label">
                    <top>227</top>
                    <label>$LOCALIZE[32020]:</label>
                    <font>font_tiny</font>
                    <textcolor>dialog_fg_90</textcolor>
                </control>
                <control type="label">
                    <left>455</left>
                    <top>227</top>
                    <label>$VAR[ELPresentVar]</label>
                    <font>font_tiny_iconic</font>
                    <textcolor>dialog_fg_90</textcolor>
                </control>
                <control type="label">
                    <left>547</left>
                    <top>227</top>
                    <label>$VAR[ELSourcePresentVar]</label>
                    <font>font_tiny_iconic</font>
                    <textcolor>dialog_fg_90</textcolor>
                    <visible>!String.IsEqual(Player.Process(video.source.dovi.el.present),Player.Process(video.dovi.el.present))</visible>
                    <visible>!String.IsEqual(Player.Process(video.source.dovi.profile),0)</visible>
                </control>				
                
                <control type="label">
                    <top>267</top>
                    <label>$LOCALIZE[32021]:</label>
                    <font>font_tiny</font>
                    <textcolor>dialog_fg_90</textcolor>
                </control>
                <control type="label">
                    <left>447</left>
                    <top>267</top>
                    <label>$VAR[DVELVar]</label>
                    <font>font_tiny</font>
                    <textcolor>dialog_fg_90</textcolor>
                </control>
                <control type="label">
                    <left>455</left>
                    <top>267</top>
                    <label>$VAR[DVELVar1]</label>
                    <font>font_tiny_iconic</font>
                    <textcolor>dialog_fg_90</textcolor>
                    <visible>!String.Contains(Player.Process(video.dovi.el.type),minimum)</visible>
                    <visible>!String.Contains(Player.Process(video.dovi.el.type),full)</visible>
                </control>
                <control type="label">
                    <left>547</left>
                    <top>267</top>
                    <label>$VAR[ELSourcePresentVar]</label>
                    <font>font_tiny_iconic</font>
                    <visible>!String.IsEqual(Player.Process(video.source.dovi.el.type),Player.Process(video.dovi.el.type))</visible>
                    <visible>!String.IsEqual(Player.Process(video.source.dovi.profile),0)</visible>
                </control>
            </control>
            
            <control type="group">
                <visible>String.IsEqual(Player.Process(video.dovi.has.header),1)</visible>
                <visible>String.IsEqual(Player.Process(video.dovi.has.l5),0)</visible>
                <top>360</top>
                <left>1807</left>				
                
                <control type="label">
                    <label></label>
                    <top>-10.0</top>
                    <font>font_tiny_iconic</font>
                    <textcolor>dialog_fg_100</textcolor>
                </control>				
                
                <control type="label">
                    <label>[B][UPPERCASE]$LOCALIZE[32038][/UPPERCASE][/B]</label>
                    <top>-10.0</top>
                    <left>36</left>
                    <font>font_tiny</font>
                    <textcolor>dialog_fg_100</textcolor>
                </control>				
                
                <control type="label">
                    <top>27</top>
                    <label>$LOCALIZE[32025]:</label>
                    <font>font_tiny</font>
                    <textcolor>dialog_fg_90</textcolor>
                </control>
                <control type="label">
                    <left>360</left>
                    <top>27</top>
                    <width>267</width>
                    <align>right</align>
                    <label>$INFO[Player.Process(video.hdr.min.lum)] [COLOR dialog_fg_70]|[/COLOR] $INFO[Player.Process(video.hdr.max.lum)]</label>
                    <font>font_tiny</font>
                    <textcolor>dialog_fg_90</textcolor>
                </control>
                
                <control type="label">
                    <left>640</left>
                    <top>27</top>
                    <label>$LOCALIZE[32040]</label>
                    <font>font_tiny</font>
                    <textcolor>dialog_fg_90</textcolor>
                </control>				
                
                <control type="label">
                    <top>67</top>
                    <label>$LOCALIZE[32026]:</label>
                    <font>font_tiny</font>
                    <textcolor>dialog_fg_90</textcolor>
                </control>
                <control type="label">
                    <left>360</left>
                    <top>67</top>
                    <width>267</width>
                    <align>right</align>
                    <label>$INFO[Player.Process(video.hdr.max.cll)] [COLOR dialog_fg_70]|[/COLOR] $INFO[Player.Process(video.hdr.max.fall)]</label>
                    <font>font_tiny</font>
                    <textcolor>dialog_fg_90</textcolor>
                </control>
                
                <control type="label">
                    <left>640</left>
                    <top>67</top>
                    <label>$LOCALIZE[32040]</label>
                    <font>font_tiny</font>
                    <textcolor>dialog_fg_90</textcolor>
                </control>				
                
                <control type="label">
                    <top>127</top>
                    <label>$LOCALIZE[32041]:</label>
                    <font>font_tiny</font>
                    <textcolor>dialog_fg_90</textcolor>
                </control>
                <control type="label">
                    <left>360</left>
                    <top>127</top>
                    <width>267</width>
                    <align>right</align>
                    <label>$INFO[Player.Process(video.dovi.source.min.nits)] [COLOR dialog_fg_70]|[/COLOR] $INFO[Player.Process(video.dovi.source.max.nits)]</label>
                    <font>font_tiny</font>
                    <textcolor>dialog_fg_90</textcolor>
                </control>
                
                <control type="label">
                    <left>640</left>
                    <top>127</top>
                    <label>$LOCALIZE[32040]</label>
                    <font>font_tiny</font>
                    <textcolor>dialog_fg_90</textcolor>
                </control>				
                
                <control type="label">
                    <top>173</top>
                    <label>$LOCALIZE[32042]:</label>
                    <font>font_tiny</font>
                    <textcolor>dialog_fg_90</textcolor>
                </control>
                <control type="label">
                    <left>360</left>
                    <top>167</top>
                    <width>267</width>
                    <align>right</align>
                    <label>$INFO[Player.Process(video.dovi.l6.max.cll)] [COLOR dialog_fg_70]|[/COLOR] $INFO[Player.Process(video.dovi.l6.max.fall)]</label>
                    <font>font_tiny</font>
                    <textcolor>dialog_fg_90</textcolor>
                </control>
                
                <control type="label">
                    <left>640</left>
                    <top>167</top>
                    <label>$LOCALIZE[32040]</label>
                    <font>font_tiny</font>
                    <textcolor>dialog_fg_90</textcolor>
                </control>				
                
                <control type="label">
                    <top>227</top>
                    <label>$LOCALIZE[32043]:</label>
                    <font>font_tiny</font>
                    <textcolor>dialog_fg_90</textcolor>
                </control>
                <control type="label">
                    <left>227</left>
                    <top>227</top>
                    <width>400</width>
                    <align>right</align>
                    <label>$INFO[Player.Process(video.dovi.l1.min.nits)] [COLOR dialog_fg_70]|[/COLOR] $INFO[Player.Process(video.dovi.l1.max.nits)] [COLOR dialog_fg_70]|[/COLOR] $INFO[Player.Process(video.dovi.l1.avg.nits)]</label>
                    <font>font_tiny</font>
                    <textcolor>dialog_fg_90</textcolor>
                </control>
                
                <control type="label">
                    <left>640</left>
                    <top>227</top>
                    <label>$LOCALIZE[32040]</label>
                    <font>font_tiny</font>
                    <textcolor>dialog_fg_90</textcolor>
                </control>				
                
                <control type="label">
                    <top>267</top>
                    <label>$LOCALIZE[32044]:</label>
                    <font>font_tiny</font>
                    <textcolor>dialog_fg_90</textcolor>
                </control>
                <control type="label">
                    <left>227</left>
                    <top>267</top>
                    <width>400</width>
                    <align>right</align>
                    <label>$INFO[Player.Process(video.dovi.l1.min.pq)] [COLOR dialog_fg_70]|[/COLOR] $INFO[Player.Process(video.dovi.l1.max.pq)] [COLOR dialog_fg_70]|[/COLOR] $INFO[Player.Process(video.dovi.l1.avg.pq)]</label>
                    <font>font_tiny</font>
                    <textcolor>dialog_fg_90</textcolor>
                </control>
                
                <control type="label">
                    <left>640</left>
                    <top>267</top>
                    <label>$LOCALIZE[32045]</label>
                    <font>font_tiny</font>
                    <textcolor>dialog_fg_90</textcolor>
                </control>
            </control>
            
            <control type="group">
                <visible>String.Contains(Player.Process(video.hdr.type),dolby vision)</visible>
                <visible>String.IsEqual(Player.Process(video.dovi.has.l5),1)</visible>
                <top>360</top>
                <left>1807</left>
                
                <control type="label">
                    <label></label>
                    <top>-10.0</top>
                    <font>font_tiny_iconic</font>
                    <textcolor>dialog_fg_100</textcolor>
                </control>				
                
                <control type="label">
                    <label>[B][UPPERCASE]$LOCALIZE[32038][/UPPERCASE][/B]</label>
                    <top>-10.0</top>
                    <left>36</left>
                    <font>font_tiny</font>
                    <textcolor>dialog_fg_100</textcolor>
                </control>				
                
                <control type="label">
                    <top>27</top>
                    <label>$LOCALIZE[32025]:</label>
                    <font>font_tiny</font>
                    <textcolor>dialog_fg_90</textcolor>
                </control>
                <control type="label">
                    <left>360</left>
                    <top>27</top>
                    <width>267</width>
                    <align>right</align>
                    <label>$INFO[Player.Process(video.hdr.min.lum)] [COLOR dialog_fg_70]l[/COLOR] $INFO[Player.Process(video.hdr.max.lum)]</label>
                    <font>font_tiny</font>
                    <textcolor>dialog_fg_90</textcolor>
                </control>
                
                <control type="label">
                    <left>640</left>
                    <top>27</top>
                    <label>$LOCALIZE[32040]</label>
                    <font>font_tiny</font>
                    <textcolor>dialog_fg_90</textcolor>
                </control>				
                
                <control type="label">
                    <top>60</top>
                    <label>$LOCALIZE[32026]:</label>
                    <font>font_tiny</font>
                    <textcolor>dialog_fg_90</textcolor>
                </control>
                <control type="label">
                    <left>360</left>
                    <top>60</top>
                    <width>267</width>
                    <align>right</align>
                    <label>$INFO[Player.Process(video.hdr.max.cll)] [COLOR dialog_fg_70]l[/COLOR] $INFO[Player.Process(video.hdr.max.fall)]</label>
                    <font>font_tiny</font>
                    <textcolor>dialog_fg_90</textcolor>
                </control>
                
                <control type="label">
                    <left>640</left>
                    <top>60</top>
                    <label>$LOCALIZE[32040]</label>
                    <font>font_tiny</font>
                    <textcolor>dialog_fg_90</textcolor>
                </control>				
                
                <control type="label">
                    <top>107</top>
                    <label>$LOCALIZE[32041]:</label>
                    <font>font_tiny</font>
                    <textcolor>dialog_fg_90</textcolor>
                </control>
                <control type="label">
                    <left>360</left>
                    <top>107</top>
                    <width>267</width>
                    <align>right</align>
                    <label>$INFO[Player.Process(video.dovi.source.min.nits)] [COLOR dialog_fg_70]l[/COLOR] $INFO[Player.Process(video.dovi.source.max.nits)]</label>
                    <font>font_tiny</font>
                    <textcolor>dialog_fg_90</textcolor>
                </control>
                
                <control type="label">
                    <left>640</left>
                    <top>107</top>
                    <label>$LOCALIZE[32040]</label>
                    <font>font_tiny</font>
                    <textcolor>dialog_fg_90</textcolor>
                </control>
                
                <control type="label">
                    <top>140</top>
                    <label>$LOCALIZE[32042]:</label>
                    <font>font_tiny</font>
                    <textcolor>dialog_fg_90</textcolor>
                </control>
                <control type="label">
                    <left>360</left>
                    <top>140</top>
                    <width>267</width>
                    <align>right</align>
                    <label>$INFO[Player.Process(video.dovi.l6.max.cll)] [COLOR dialog_fg_70]l[/COLOR] $INFO[Player.Process(video.dovi.l6.max.fall)]</label>
                    <font>font_tiny</font>
                    <textcolor>dialog_fg_90</textcolor>
                </control>
                
                <control type="label">
                    <left>640</left>
                    <top>140</top>
                    <label>$LOCALIZE[32040]</label>
                    <font>font_tiny</font>
                    <textcolor>dialog_fg_90</textcolor>
                </control>				
                
                <control type="label">
                    <top>187</top>
                    <label>$LOCALIZE[32043]:</label>
                    <font>font_tiny</font>
                    <textcolor>dialog_fg_90</textcolor>
                </control>
                <control type="label">
                    <left>227</left>
                    <top>187</top>
                    <width>400</width>
                    <align>right</align>
                    <label>$INFO[Player.Process(video.dovi.l1.min.nits)] [COLOR dialog_fg_70]l[/COLOR] $INFO[Player.Process(video.dovi.l1.max.nits)] [COLOR dialog_fg_70]l[/COLOR] $INFO[Player.Process(video.dovi.l1.avg.nits)]</label>
                    <font>font_tiny</font>
                    <textcolor>dialog_fg_90</textcolor>
                </control>
                
                <control type="label">
                    <left>640</left>
                    <top>187</top>
                    <label>$LOCALIZE[32040]</label>
                    <font>font_tiny</font>
                    <textcolor>dialog_fg_90</textcolor>
                </control>				
                
                <control type="label">
                    <top>220</top>
                    <label>$LOCALIZE[32044]:</label>
                    <font>font_tiny</font>
                    <textcolor>dialog_fg_90</textcolor>
                </control>
                <control type="label">
                    <left>227</left>
                    <top>220</top>
                    <width>400</width>
                    <align>right</align>
                    <label>$INFO[Player.Process(video.dovi.l1.min.pq)] [COLOR dialog_fg_70]l[/COLOR] $INFO[Player.Process(video.dovi.l1.max.pq)] [COLOR dialog_fg_70]l[/COLOR] $INFO[Player.Process(video.dovi.l1.avg.pq)]</label>
                    <font>font_tiny</font>
                    <textcolor>dialog_fg_90</textcolor>
                </control>
                
                <control type="label">
                    <left>640</left>
                    <top>220</top>
                    <label>$LOCALIZE[32045]</label>
                    <font>font_tiny</font>
                    <textcolor>dialog_fg_90</textcolor>
                </control>				
                
                <control type="label">
                    <top>267</top>
                    <label>$LOCALIZE[32067]:</label>
                    <font>font_tiny</font>
                    <textcolor>dialog_fg_90</textcolor>
                </control>
                <control type="label">
                    <left>227</left>
                    <width>400</width>
                    <align>right</align>
                    <top>267</top>
                    <label>$INFO[Player.Process(video.dovi.l5.left.offset)] l $INFO[Player.Process(video.dovi.l5.right.offset)] l $INFO[Player.Process(video.dovi.l5.top.offset)] l $INFO[Player.Process(video.dovi.l5.bottom.offset)]</label>
                    <font>font_tiny</font>
                    <textcolor>dialog_fg_90</textcolor>
                </control>
                
                <control type="label">
                    <left>644</left>
                    <top>267</top>
                    <label></label>
                    <font>font_tiny_iconic</font>
                    <textcolor>dialog_fg_90</textcolor>
                </control>
                
                <control type="label">
                    <left>704</left>
                    <top>277</top>
                    <angle>180</angle>
                    <label></label>
                    <font>font_tiny_iconic</font>
                    <textcolor>dialog_fg_90</textcolor>
                </control>
            </control>
        </control>	   
    </controls>
</window>